index,label,label_name,patch_path,mse,output_min,output_max,output_mean
0,0,normal,data/processed/pcb_anomaly/test/normal/group00041_00041_not_00041200_box01_open_normal.jpg,0.00039197219302877784,0.0002543926239013672,0.9999735355377197,0.4326663613319397
1,0,normal,data/processed/pcb_anomaly/test/normal/group00041_00041_not_00041200_box02_mousebite_normal.jpg,0.0002375326439505443,0.0001895129680633545,0.9999139904975891,0.570755660533905
2,0,normal,data/processed/pcb_anomaly/test/normal/group00041_00041_not_00041200_box03_spur_normal.jpg,0.00021526335331145674,0.00028711557388305664,0.9999455213546753,0.5436403155326843
3,1,anomaly,data/processed/pcb_anomaly/test/anomaly/group00041_00041_not_00041200_box01_open_anomaly.jpg,0.0005772259901277721,0.00025075674057006836,0.9999635219573975,0.4641402065753937
4,1,anomaly,data/processed/pcb_anomaly/test/anomaly/group00041_00041_not_00041200_box02_mousebite_anomaly.jpg,0.0006566127412952483,0.00018343329429626465,0.9999244213104248,0.5948095917701721
5,1,anomaly,data/processed/pcb_anomaly/test/anomaly/group00041_00041_not_00041200_box03_spur_anomaly.jpg,0.00011649019870674238,0.0002900660037994385,0.9999396800994873,0.5238279104232788
