index,image_path,true_label,true_class,pc_top1,pc_top1_class,pc_top1_prob,logits,probs
0,data/processed/pcb_cls/test/copper/group44000_44000_not_44000029_box06_copper.jpg,0,copper,0,copper,0.999604583,7.88920355 -4.56762743 -1.05747092 -5.73779583 -7.7864728 -0.365156233,0.999604583 3.88951366e-06 0.000130117856 1.20697314e-06 1.55585283e-07 0.000260019151
1,data/processed/pcb_cls/test/mousebite/group12100_12100_not_12100126_box02_mousebite.jpg,1,mousebite,1,mousebite,0.999324441,-7.83045769 6.8163414 -3.2340703 -3.65689325 -5.91314697 -0.600304246,4.35193584e-07 0.999324441 4.31388107e-05 2.82643177e-05 2.96046505e-06 0.000600756146
2,data/processed/pcb_cls/test/open/group00041_00041_not_00041220_box06_open.jpg,2,open,2,open,0.995569766,-3.52937531 -0.837256551 4.77041674 -9.27740669 -4.75747538 -2.91782498,0.000247467309 0.00365334051 0.995569766 7.89186231e-07 7.2470415e-05 0.000456153211
3,data/processed/pcb_cls/test/pin-hole/group50600_50600_not_50600076_box06_pin-hole.jpg,3,pin-hole,3,pin-hole,0.998488963,-5.48646069 1.03081012 -7.87470293 7.68853378 -0.701647639 -8.63369751,1.89459274e-06 0.00128212571 1.73906358e-07 0.998488963 0.000226742952 8.14119758e-08
4,data/processed/pcb_cls/test/short/group12100_12100_not_12100182_box02_short.jpg,4,short,4,short,0.99929148,-6.09040833 -6.0090518 -4.05883169 -4.77118492 6.70667791 -0.598938286,2.76686683e-06 3.00137981e-06 2.11004044e-05 1.03495076e-05 0.99929148 0.0006712795
5,data/processed/pcb_cls/test/spur/group12100_12100_not_12100149_box03_spur.jpg,5,spur,5,spur,0.999997377,-4.14102125 -5.35890388 -5.74592781 -10.4426384 -2.33301187 10.7271786,3.4899702e-07 1.03252837e-07 7.01164069e-08 6.39829356e-10 2.12828718e-06 0.999997377
