normal_count,anomaly_count,best_f1_threshold,balanced_threshold,best_f1,precision,recall,auroc,average_precision,normal_mean_score,anomaly_mean_score,normal_p95_score,normal_p99_score,best_f1_false_positive_rate,normal_p95_false_positive_rate,normal_p99_false_positive_rate,balanced_precision,balanced_recall,balanced_f1
1388.0,1388.0,8.047485607676208e-05,0.0002972383426355824,0.7317729351627656,0.583941605839416,0.9798270893371758,0.7958915031268428,0.7990186486585513,0.00017742631975206237,0.0004170503655191025,0.00044725733314407955,0.0006307782628573456,0.6981268011527377,0.05043227665706052,0.010086455331412104,0.7577413479052824,0.5994236311239193,0.6693483507642799
